{"cameraMode":{"drawMode":0,"name":"Shaded","section":"Shading Mode"},"sceneLighting":false,"audioPlay":false,"sceneViewState":{"m_AlwaysRefresh":false,"showFog":true,"showSkybox":false,"showFlares":true,"showImageEffects":true,"showParticleSystems":true,"showVisualEffectGraphs":true,"m_FxEnabled":true},"in2DMode":false,"pivot":{"x":-0.012980878353118897,"y":0.06501030921936035,"z":0.18299388885498048},"rotation":{"x":0.15022523701190949,"y":0.6170145273208618,"z":-0.12147324532270432,"w":0.7629028558731079},"size":2.0104329586029054,"orthographic":false}